{
  "name": "ionic",
  "version": "1.3.2",
  "codename": "france",
  "homepage": "https://github.com/driftyco/ionic",
  "authors": [
    "Max Lynch <max@drifty.com>",
    "Adam Bradley <adam@drifty.com>",
    "Ben Sperry <ben@drifty.com>"
  ],
  "description": "Advanced HTML5 hybrid mobile app development framework.",
  "main": [
    "release/css/ionic.css",
    "release/fonts/*",
    "release/js/ionic.js",
    "release/js/ionic-angular.js"
  ],
  "keywords": [
    "mobile",
    "html5",
    "ionic",
    "cordova",
    "phonegap",
    "trigger",
    "triggerio",
    "angularjs",
    "angular"
  ],
  "license": "MIT",
  "private": false,
  "ignore": [
    "**/.*",
    "CONTRIBUTING.md",
    "Gruntfile.js",
    "component.json",
    "config",
    "examples",
    "package.json",
    "release/js/angular",
    "release/js/angular-ui",
    "scripts",
    "test",
    "js/controllers",
    "js/ext",
    "js/utils",
    "js/views",
    "js/_license.js",
    "js/ionic.js"
  ],
  "dependencies": {
    "angular": "1.5.3",
    "angular-animate": "1.5.3",
    "angular-sanitize": "1.5.3",
    "angular-ui-router": "0.2.13"
  },
  "_release": "1.3.2",
  "_resolution": {
    "type": "version",
    "tag": "v1.3.2",
    "commit": "82ec8de3acd8f67fd91dcb75b607c546e6399c2f"
  },
  "_source": "https://github.com/driftyco/ionic.git",
  "_target": "*",
  "_originalSource": "ionic"
}