{
    "res": {
        "_common:js/aid/moment.js": {
            "uri": "/static/_common/js/aid/moment.js",
            "type": "js",
            "deps": [
                "./locale"
            ]
        },
        "_common:js/bdb/cash.js": {
            "uri": "/static/_common/js/bdb/cash.js",
            "type": "js",
            "deps": [
                "_common:js/bdb/core.js"
            ]
        },
        "_common:js/bdb/core.js": {
            "uri": "/static/_common/js/bdb/core.js",
            "type": "js"
        },
        "_common:js/inc/init-app.js": {
            "uri": "/static/_common/js/inc/init-app.js",
            "type": "js"
        },
        "_common:js/lib/bigpipe.js": {
            "uri": "/static/_common/js/lib/bigpipe.js",
            "type": "js"
        },
        "_common:js/lib/mod.js": {
            "uri": "/static/_common/js/lib/mod.js",
            "type": "js"
        },
        "_common:js/lib/page.js": {
            "uri": "/static/_common/js/lib/page.js",
            "type": "js",
            "deps": [
                "_common:js/lib/bigpipe.js"
            ]
        },
        "_common:js/lib/zepto.js": {
            "uri": "/static/_common/js/lib/zepto.js",
            "type": "js"
        },
        "_common:js/plugin/distpicker/distpicker.data.js": {
            "uri": "/static/_common/js/plugin/distpicker/distpicker.data.js",
            "type": "js"
        },
        "_common:js/plugin/distpicker/distpicker.js": {
            "uri": "/static/_common/js/plugin/distpicker/distpicker.js",
            "type": "js",
            "deps": [
                "zepto",
                "ChineseDistricts"
            ]
        },
        "_common:js/plugin/dropload/dropload.js": {
            "uri": "/static/_common/js/plugin/dropload/dropload.js",
            "type": "js",
            "deps": [
                "_common:js/plugin/dropload/dropload.less"
            ]
        },
        "_common:js/plugin/dropload/dropload.less": {
            "uri": "/static/_common/js/plugin/dropload/dropload.css",
            "type": "css"
        },
        "_common:js/plugin/swiper/swiper.jquery.js": {
            "uri": "/static/_common/js/plugin/swiper/swiper.jquery.js",
            "type": "js"
        },
        "_common:js/plugin/swiper/swiper.less": {
            "uri": "/static/_common/js/plugin/swiper/swiper.css",
            "type": "css"
        },
        "_common:js/plugin/zepto-cookie.js": {
            "uri": "/static/_common/js/plugin/zepto-cookie.js",
            "type": "js"
        },
        "_common:js/test/hello.js": {
            "uri": "/static/_common/js/test/hello.js",
            "type": "js"
        },
        "_common:less/global.less": {
            "uri": "/static/_common/less/global.css",
            "type": "css"
        },
        "_common:less/normalize.less": {
            "uri": "/static/_common/less/normalize.css",
            "type": "css"
        },
        "_common:less/public/address.less": {
            "uri": "/static/_common/less/public/address.css",
            "type": "css"
        },
        "_common:less/public/form.less": {
            "uri": "/static/_common/less/public/form.css",
            "type": "css"
        },
        "_common:less/public/mixin.less": {
            "uri": "/static/_common/less/public/mixin.css",
            "type": "css"
        },
        "_common:less/public/template.less": {
            "uri": "/static/_common/less/public/template.css",
            "type": "css"
        },
        "_common:less/public/variable.less": {
            "uri": "/static/_common/less/public/variable.css",
            "type": "css"
        },
        "_common:less/result.less": {
            "uri": "/static/_common/less/result.css",
            "type": "css"
        },
        "_common:less/session/login.less": {
            "uri": "/static/_common/less/session/login.css",
            "type": "css"
        },
        "_common:less/sys/sys.less": {
            "uri": "/static/_common/less/sys/sys.css",
            "type": "css"
        },
        "_common:less/user/check.less": {
            "uri": "/static/_common/less/user/check.css",
            "type": "css"
        },
        "_common:less/user/consultation.less": {
            "uri": "/static/_common/less/user/consultation.css",
            "type": "css"
        },
        "_common:less/user/settings.less": {
            "uri": "/static/_common/less/user/settings.css",
            "type": "css"
        },
        "_common:page/404.tpl": {
            "uri": "_common/page/404.tpl",
            "type": "tpl",
            "extras": {
                "isPage": true
            }
        },
        "_common:page/500.tpl": {
            "uri": "_common/page/500.tpl",
            "type": "tpl",
            "extras": {
                "isPage": true
            }
        },
        "_common:page/acc/recovery.tpl": {
            "uri": "_common/page/acc/recovery.tpl",
            "type": "tpl",
            "extras": {
                "isPage": true
            },
            "deps": [
                "_common:widget/acc/recovery.js"
            ]
        },
        "_common:page/acc/reg.tpl": {
            "uri": "_common/page/acc/reg.tpl",
            "type": "tpl",
            "extras": {
                "isPage": true
            },
            "deps": [
                "_common:widget/acc/reg.js"
            ]
        },
        "_common:page/activity/activity-list.tpl": {
            "uri": "_common/page/activity/activity-list.tpl",
            "type": "tpl",
            "extras": {
                "isPage": true
            }
        },
        "_common:page/activity/detail.tpl": {
            "uri": "_common/page/activity/detail.tpl",
            "type": "tpl",
            "extras": {
                "isPage": true
            }
        },
        "_common:page/auction/bid-list.tpl": {
            "uri": "_common/page/auction/bid-list.tpl",
            "type": "tpl",
            "extras": {
                "isPage": true
            }
        },
        "_common:page/auction/detail-back.tpl": {
            "uri": "_common/page/auction/detail-back.tpl",
            "type": "tpl",
            "extras": {
                "isPage": true
            }
        },
        "_common:page/auction/detail.tpl": {
            "uri": "_common/page/auction/detail.tpl",
            "type": "tpl",
            "extras": {
                "isPage": true
            },
            "deps": [
                "_common:widget/auction/detail/detail.js"
            ]
        },
        "_common:page/auction/list.tpl": {
            "uri": "_common/page/auction/list.tpl",
            "type": "tpl",
            "extras": {
                "isPage": true
            },
            "deps": [
                "_common:widget/common/header/header-sort.js"
            ]
        },
        "_common:page/error.tpl": {
            "uri": "_common/page/error.tpl",
            "type": "tpl",
            "extras": {
                "isPage": true
            }
        },
        "_common:page/layout.tpl": {
            "uri": "_common/page/layout.tpl",
            "type": "tpl",
            "extras": {
                "isPage": true
            }
        },
        "_common:page/order/closed.tpl": {
            "uri": "_common/page/order/closed.tpl",
            "type": "tpl",
            "extras": {
                "isPage": true
            }
        },
        "_common:page/order/completed.tpl": {
            "uri": "_common/page/order/completed.tpl",
            "type": "tpl",
            "extras": {
                "isPage": true
            }
        },
        "_common:page/order/detail.tpl": {
            "uri": "_common/page/order/detail.tpl",
            "type": "tpl",
            "extras": {
                "isPage": true
            }
        },
        "_common:page/order/list.tpl": {
            "uri": "_common/page/order/list.tpl",
            "type": "tpl",
            "extras": {
                "isPage": true
            },
            "deps": [
                "_common:widget/order/list.js"
            ]
        },
        "_common:page/result.tpl": {
            "uri": "_common/page/result.tpl",
            "type": "tpl",
            "extras": {
                "isPage": true
            }
        },
        "_common:page/session/login.tpl": {
            "uri": "_common/page/session/login.tpl",
            "type": "tpl",
            "extras": {
                "isPage": true
            }
        },
        "_common:page/settings/about-bdb.tpl": {
            "uri": "_common/page/settings/about-bdb.tpl",
            "type": "tpl",
            "extras": {
                "isPage": true
            }
        },
        "_common:page/settings/push-settings.tpl": {
            "uri": "_common/page/settings/push-settings.tpl",
            "type": "tpl",
            "extras": {
                "isPage": true
            },
            "deps": [
                "_common:widget/settings/push-settings.js"
            ]
        },
        "_common:page/settings/safety-settings.tpl": {
            "uri": "_common/page/settings/safety-settings.tpl",
            "type": "tpl",
            "extras": {
                "isPage": true
            }
        },
        "_common:page/settings/suggestions.tpl": {
            "uri": "_common/page/settings/suggestions.tpl",
            "type": "tpl",
            "extras": {
                "isPage": true
            },
            "deps": [
                "_common:widget/settings/suggestions.js"
            ]
        },
        "_common:page/settings/sys-settings.tpl": {
            "uri": "_common/page/settings/sys-settings.tpl",
            "type": "tpl",
            "extras": {
                "isPage": true
            }
        },
        "_common:page/settings/version-update.tpl": {
            "uri": "_common/page/settings/version-update.tpl",
            "type": "tpl",
            "extras": {
                "isPage": true
            }
        },
        "_common:page/user/application-bdb.tpl": {
            "uri": "_common/page/user/application-bdb.tpl",
            "type": "tpl",
            "extras": {
                "isPage": true
            }
        },
        "_common:page/user/bind-account-info.tpl": {
            "uri": "_common/page/user/bind-account-info.tpl",
            "type": "tpl",
            "extras": {
                "isPage": true
            }
        },
        "_common:page/user/bind-account-pwd.tpl": {
            "uri": "_common/page/user/bind-account-pwd.tpl",
            "type": "tpl",
            "extras": {
                "isPage": true
            }
        },
        "_common:page/user/change-pwd.tpl": {
            "uri": "_common/page/user/change-pwd.tpl",
            "type": "tpl",
            "extras": {
                "isPage": true
            }
        },
        "_common:page/user/change-tel-info.tpl": {
            "uri": "_common/page/user/change-tel-info.tpl",
            "type": "tpl",
            "extras": {
                "isPage": true
            },
            "deps": [
                "_common:widget/user/change-tel-info.js"
            ]
        },
        "_common:page/user/consultation.tpl": {
            "uri": "_common/page/user/consultation.tpl",
            "type": "tpl",
            "extras": {
                "isPage": true
            }
        },
        "_common:page/user/msg-detail.tpl": {
            "uri": "_common/page/user/msg-detail.tpl",
            "type": "tpl",
            "extras": {
                "isPage": true
            }
        },
        "_common:page/user/receipt-address.tpl": {
            "uri": "_common/page/user/receipt-address.tpl",
            "type": "tpl",
            "extras": {
                "isPage": true
            }
        },
        "_common:page/user/sys-message.tpl": {
            "uri": "_common/page/user/sys-message.tpl",
            "type": "tpl",
            "extras": {
                "isPage": true
            },
            "deps": [
                "_common:widget/user/sys-message.js"
            ]
        },
        "_common:page/user/to-return.tpl": {
            "uri": "_common/page/user/to-return.tpl",
            "type": "tpl",
            "extras": {
                "isPage": true
            }
        },
        "_common:page/user/user-message.tpl": {
            "uri": "_common/page/user/user-message.tpl",
            "type": "tpl",
            "extras": {
                "isPage": true
            }
        },
        "_common:page/wallet/bank/add.tpl": {
            "uri": "_common/page/wallet/bank/add.tpl",
            "type": "tpl",
            "extras": {
                "isPage": true
            }
        },
        "_common:page/wallet/bank/index.tpl": {
            "uri": "_common/page/wallet/bank/index.tpl",
            "type": "tpl",
            "extras": {
                "isPage": true
            }
        },
        "_common:page/wallet/index.tpl": {
            "uri": "_common/page/wallet/index.tpl",
            "type": "tpl",
            "extras": {
                "isPage": true
            }
        },
        "_common:page/wallet/paypwd/forget.tpl": {
            "uri": "_common/page/wallet/paypwd/forget.tpl",
            "type": "tpl",
            "extras": {
                "isPage": true
            },
            "deps": [
                "_common:widget/wallet/paypwd/forget.js"
            ]
        },
        "_common:page/wallet/paypwd/update.tpl": {
            "uri": "_common/page/wallet/paypwd/update.tpl",
            "type": "tpl",
            "extras": {
                "isPage": true
            }
        },
        "_common:page/wallet/recharge.tpl": {
            "uri": "_common/page/wallet/recharge.tpl",
            "type": "tpl",
            "extras": {
                "isPage": true
            },
            "deps": [
                "_common:widget/wallet/recharge.js"
            ]
        },
        "_common:page/wallet/trans-list.tpl": {
            "uri": "_common/page/wallet/trans-list.tpl",
            "type": "tpl",
            "extras": {
                "isPage": true
            },
            "deps": [
                "_common:widget/wallet/trans-list.js"
            ]
        },
        "_common:page/wallet/withdraw.tpl": {
            "uri": "_common/page/wallet/withdraw.tpl",
            "type": "tpl",
            "extras": {
                "isPage": true
            }
        },
        "_common:widget/acc/recovery.js": {
            "uri": "/static/_common/widget/acc/recovery.js",
            "type": "js",
            "deps": [
                "_common:js/bdb/core.js"
            ]
        },
        "_common:widget/acc/reg.js": {
            "uri": "/static/_common/widget/acc/reg.js",
            "type": "js",
            "deps": [
                "_common:js/bdb/core.js"
            ]
        },
        "_common:widget/activity/activity-index.less": {
            "uri": "/static/_common/widget/activity/activity-index.css",
            "type": "css"
        },
        "_common:widget/activity/activity-list.tpl": {
            "uri": "_common/widget/activity/activity-list.tpl",
            "type": "tpl"
        },
        "_common:widget/activity/add-activity.less": {
            "uri": "/static/_common/widget/activity/add-activity.css",
            "type": "css"
        },
        "_common:widget/activity/detail.less": {
            "uri": "/static/_common/widget/activity/detail.css",
            "type": "css"
        },
        "_common:widget/auction/auction-item.tpl": {
            "uri": "_common/widget/auction/auction-item.tpl",
            "type": "tpl"
        },
        "_common:widget/auction/auction-list.tpl": {
            "uri": "_common/widget/auction/auction-list.tpl",
            "type": "tpl"
        },
        "_common:widget/auction/auction.less": {
            "uri": "/static/_common/widget/auction/auction.css",
            "type": "css"
        },
        "_common:widget/auction/detail/detail.js": {
            "uri": "/static/_common/widget/auction/detail/detail.js",
            "type": "js",
            "deps": [
                "_common:js/bdb/core.js",
                "_common:js/aid/moment.js",
                "_common:widget/auction/detail/detail.less"
            ]
        },
        "_common:widget/auction/detail/detail.less": {
            "uri": "/static/_common/widget/auction/detail/detail.css",
            "type": "css"
        },
        "_common:widget/common/actionsheet/actionsheet.js": {
            "uri": "/static/_common/widget/common/actionsheet/actionsheet.js",
            "type": "js",
            "deps": [
                "_common:widget/common/actionsheet/actionsheet.less"
            ]
        },
        "_common:widget/common/actionsheet/actionsheet.less": {
            "uri": "/static/_common/widget/common/actionsheet/actionsheet.css",
            "type": "css"
        },
        "_common:widget/common/actionsheet/actionsheet.tpl": {
            "uri": "_common/widget/common/actionsheet/actionsheet.tpl",
            "type": "tpl",
            "deps": [
                "_common:widget/common/actionsheet/actionsheet.js",
                "_common:widget/common/actionsheet/actionsheet.less"
            ]
        },
        "_common:widget/common/banner/banner.less": {
            "uri": "/static/_common/widget/common/banner/banner.css",
            "type": "css"
        },
        "_common:widget/common/banner/banner.tpl": {
            "uri": "_common/widget/common/banner/banner.tpl",
            "type": "tpl",
            "deps": [
                "_common:js/plugin/swiper/swiper.less",
                "_common:widget/common/banner/banner.less"
            ]
        },
        "_common:widget/common/header/header-filter.js": {
            "uri": "/static/_common/widget/common/header/header-filter.js",
            "type": "js"
        },
        "_common:widget/common/header/header-nav.tpl": {
            "uri": "_common/widget/common/header/header-nav.tpl",
            "type": "tpl"
        },
        "_common:widget/common/header/header-search.js": {
            "uri": "/static/_common/widget/common/header/header-search.js",
            "type": "js"
        },
        "_common:widget/common/header/header-search.tpl": {
            "uri": "_common/widget/common/header/header-search.tpl",
            "type": "tpl",
            "deps": [
                "_common:widget/common/header/header-search.js"
            ]
        },
        "_common:widget/common/header/header-sort.js": {
            "uri": "/static/_common/widget/common/header/header-sort.js",
            "type": "js"
        },
        "_common:widget/common/header/header-tab.tpl": {
            "uri": "_common/widget/common/header/header-tab.tpl",
            "type": "tpl"
        },
        "_common:widget/common/header/header-top.js": {
            "uri": "/static/_common/widget/common/header/header-top.js",
            "type": "js"
        },
        "_common:widget/common/header/header-top.tpl": {
            "uri": "_common/widget/common/header/header-top.tpl",
            "type": "tpl",
            "deps": [
                "_common:widget/common/header/header-top.js"
            ]
        },
        "_common:widget/common/header/header.less": {
            "uri": "/static/_common/widget/common/header/header.css",
            "type": "css"
        },
        "_common:widget/common/header/header.tpl": {
            "uri": "_common/widget/common/header/header.tpl",
            "type": "tpl",
            "deps": [
                "_common:widget/common/header/header.less"
            ]
        },
        "_common:widget/common/level/level.less": {
            "uri": "/static/_common/widget/common/level/level.css",
            "type": "css"
        },
        "_common:widget/common/level/level.tpl": {
            "uri": "_common/widget/common/level/level.tpl",
            "type": "tpl",
            "deps": [
                "_common:widget/common/level/level.less"
            ]
        },
        "_common:widget/common/password/password.js": {
            "uri": "/static/_common/widget/common/password/password.js",
            "type": "js",
            "deps": [
                "_common:widget/common/password/password.less"
            ]
        },
        "_common:widget/common/password/password.less": {
            "uri": "/static/_common/widget/common/password/password.css",
            "type": "css"
        },
        "_common:widget/common/password/password.tpl": {
            "uri": "_common/widget/common/password/password.tpl",
            "type": "tpl",
            "deps": [
                "_common:widget/common/password/password.js",
                "_common:widget/common/password/password.less"
            ]
        },
        "_common:widget/common/photo/photo.js": {
            "uri": "/static/_common/widget/common/photo/photo.js",
            "type": "js",
            "deps": [
                "_common:js/bdb/core.js",
                "_common:widget/common/photo/photo.less"
            ]
        },
        "_common:widget/common/photo/photo.less": {
            "uri": "/static/_common/widget/common/photo/photo.css",
            "type": "css"
        },
        "_common:widget/common/photo/photo.tpl": {
            "uri": "_common/widget/common/photo/photo.tpl",
            "type": "tpl",
            "deps": [
                "_common:widget/common/photo/photo.js",
                "_common:widget/common/photo/photo.less"
            ]
        },
        "_common:widget/dialog/dialog.js": {
            "uri": "/static/_common/widget/dialog/dialog.js",
            "type": "js",
            "deps": [
                "_common:widget/dialog/dialog.less"
            ]
        },
        "_common:widget/dialog/dialog.less": {
            "uri": "/static/_common/widget/dialog/dialog.css",
            "type": "css"
        },
        "_common:widget/dialog/dialog.tpl": {
            "uri": "_common/widget/dialog/dialog.tpl",
            "type": "tpl",
            "deps": [
                "_common:widget/dialog/dialog.js",
                "_common:widget/dialog/dialog.less"
            ]
        },
        "_common:widget/order/detail.tpl": {
            "uri": "_common/widget/order/detail.tpl",
            "type": "tpl"
        },
        "_common:widget/order/item.tpl": {
            "uri": "_common/widget/order/item.tpl",
            "type": "tpl"
        },
        "_common:widget/order/list.js": {
            "uri": "/static/_common/widget/order/list.js",
            "type": "js",
            "deps": [
                "_common:js/bdb/core.js",
                "_common:js/bdb/cash.js"
            ]
        },
        "_common:widget/order/list.tpl": {
            "uri": "_common/widget/order/list.tpl",
            "type": "tpl",
            "deps": [
                "_common:widget/order/list.js"
            ]
        },
        "_common:widget/order/order.js": {
            "uri": "/static/_common/widget/order/order.js",
            "type": "js",
            "deps": [
                "_common:widget/order/order.less"
            ]
        },
        "_common:widget/order/order.less": {
            "uri": "/static/_common/widget/order/order.css",
            "type": "css"
        },
        "_common:widget/result/result.less": {
            "uri": "/static/_common/widget/result/result.css",
            "type": "css"
        },
        "_common:widget/session/login/login.js": {
            "uri": "/static/_common/widget/session/login/login.js",
            "type": "js",
            "deps": [
                "_common:js/bdb/core.js",
                "_common:widget/session/login/login.less"
            ]
        },
        "_common:widget/session/login/login.less": {
            "uri": "/static/_common/widget/session/login/login.css",
            "type": "css"
        },
        "_common:widget/session/login/login.tpl": {
            "uri": "_common/widget/session/login/login.tpl",
            "type": "tpl",
            "deps": [
                "_common:widget/session/login/login.js",
                "_common:widget/session/login/login.less"
            ]
        },
        "_common:widget/settings/push-settings.js": {
            "uri": "/static/_common/widget/settings/push-settings.js",
            "type": "js",
            "deps": [
                "_common:js/bdb/core.js"
            ]
        },
        "_common:widget/settings/suggestions.js": {
            "uri": "/static/_common/widget/settings/suggestions.js",
            "type": "js",
            "deps": [
                "_common:js/bdb/core.js"
            ]
        },
        "_common:widget/store/store.less": {
            "uri": "/static/_common/widget/store/store.css",
            "type": "css"
        },
        "_common:widget/user/change-tel-info.js": {
            "uri": "/static/_common/widget/user/change-tel-info.js",
            "type": "js",
            "deps": [
                "_common:js/bdb/core.js"
            ]
        },
        "_common:widget/user/sys-message.js": {
            "uri": "/static/_common/widget/user/sys-message.js",
            "type": "js",
            "deps": [
                "_common:js/bdb/core.js"
            ]
        },
        "_common:widget/user/sysMessage-list.tpl": {
            "uri": "_common/widget/user/sysMessage-list.tpl",
            "type": "tpl"
        },
        "_common:widget/user/user.less": {
            "uri": "/static/_common/widget/user/user.css",
            "type": "css"
        },
        "_common:widget/wallet/bank/add.js": {
            "uri": "/static/_common/widget/wallet/bank/add.js",
            "type": "js",
            "deps": [
                "_common:js/bdb/core.js"
            ]
        },
        "_common:widget/wallet/bank/add.tpl": {
            "uri": "_common/widget/wallet/bank/add.tpl",
            "type": "tpl",
            "deps": [
                "_common:widget/wallet/bank/add.js"
            ]
        },
        "_common:widget/wallet/bank/bank.less": {
            "uri": "/static/_common/widget/wallet/bank/bank.css",
            "type": "css"
        },
        "_common:widget/wallet/bank/index.js": {
            "uri": "/static/_common/widget/wallet/bank/index.js",
            "type": "js",
            "deps": [
                "_common:js/bdb/core.js",
                "_common:js/bdb/cash.js"
            ]
        },
        "_common:widget/wallet/bank/index.tpl": {
            "uri": "_common/widget/wallet/bank/index.tpl",
            "type": "tpl",
            "deps": [
                "_common:widget/wallet/bank/index.js"
            ]
        },
        "_common:widget/wallet/index.js": {
            "uri": "/static/_common/widget/wallet/index.js",
            "type": "js",
            "deps": [
                "_common:js/bdb/core.js"
            ]
        },
        "_common:widget/wallet/index.tpl": {
            "uri": "_common/widget/wallet/index.tpl",
            "type": "tpl",
            "deps": [
                "_common:widget/wallet/index.js"
            ]
        },
        "_common:widget/wallet/paypwd/forget.js": {
            "uri": "/static/_common/widget/wallet/paypwd/forget.js",
            "type": "js",
            "deps": [
                "_common:js/bdb/core.js"
            ]
        },
        "_common:widget/wallet/paypwd/paypwd.less": {
            "uri": "/static/_common/widget/wallet/paypwd/paypwd.css",
            "type": "css"
        },
        "_common:widget/wallet/paypwd/update.js": {
            "uri": "/static/_common/widget/wallet/paypwd/update.js",
            "type": "js",
            "deps": [
                "_common:js/bdb/core.js"
            ]
        },
        "_common:widget/wallet/paypwd/update.tpl": {
            "uri": "_common/widget/wallet/paypwd/update.tpl",
            "type": "tpl",
            "deps": [
                "_common:widget/wallet/paypwd/update.js"
            ]
        },
        "_common:widget/wallet/recharge.js": {
            "uri": "/static/_common/widget/wallet/recharge.js",
            "type": "js",
            "deps": [
                "_common:js/bdb/core.js"
            ]
        },
        "_common:widget/wallet/trans-list.js": {
            "uri": "/static/_common/widget/wallet/trans-list.js",
            "type": "js",
            "deps": [
                "_common:js/bdb/core.js",
                "_common:js/bdb/cash.js",
                "_common:widget/common/header/header-filter.js"
            ]
        },
        "_common:widget/wallet/trans-list.tpl": {
            "uri": "_common/widget/wallet/trans-list.tpl",
            "type": "tpl",
            "deps": [
                "_common:widget/wallet/trans-list.js"
            ]
        },
        "_common:widget/wallet/trans.less": {
            "uri": "/static/_common/widget/wallet/trans.css",
            "type": "css"
        },
        "_common:widget/wallet/wallet.less": {
            "uri": "/static/_common/widget/wallet/wallet.css",
            "type": "css"
        },
        "_common:widget/wallet/withdraw.js": {
            "uri": "/static/_common/widget/wallet/withdraw.js",
            "type": "js",
            "deps": [
                "_common:js/bdb/core.js",
                "_common:js/bdb/cash.js"
            ]
        },
        "_common:widget/wallet/withdraw.tpl": {
            "uri": "_common/widget/wallet/withdraw.tpl",
            "type": "tpl",
            "deps": [
                "_common:widget/wallet/withdraw.js"
            ]
        }
    },
    "pkg": {}
}