{
    "res": {
        "bus:page/account/add-bank-card.tpl": {
            "uri": "bus/page/account/add-bank-card.tpl",
            "type": "tpl",
            "extras": {
                "isPage": true
            }
        },
        "bus:page/account/card-management.tpl": {
            "uri": "bus/page/account/card-management.tpl",
            "type": "tpl",
            "extras": {
                "isPage": true
            }
        },
        "bus:page/account/withdrawals-result.tpl": {
            "uri": "bus/page/account/withdrawals-result.tpl",
            "type": "tpl",
            "extras": {
                "isPage": true
            }
        },
        "bus:page/account/withdrawals.tpl": {
            "uri": "bus/page/account/withdrawals.tpl",
            "type": "tpl",
            "extras": {
                "isPage": true
            }
        },
        "bus:page/activity/activity-session.tpl": {
            "uri": "bus/page/activity/activity-session.tpl",
            "type": "tpl",
            "extras": {
                "isPage": true
            }
        },
        "bus:page/activity/add-activity.tpl": {
            "uri": "bus/page/activity/add-activity.tpl",
            "type": "tpl",
            "extras": {
                "isPage": true
            },
            "deps": [
                "bus:widget/activity/add-activity.js"
            ]
        },
        "bus:page/activity/bdb-activity.tpl": {
            "uri": "bus/page/activity/bdb-activity.tpl",
            "type": "tpl",
            "extras": {
                "isPage": true
            },
            "deps": [
                "bus:widget/activity/bdb-activity.js"
            ]
        },
        "bus:page/activity/detail.tpl": {
            "uri": "bus/page/activity/detail.tpl",
            "type": "tpl",
            "extras": {
                "isPage": true
            },
            "deps": [
                "bus:widget/activity/detail.js"
            ]
        },
        "bus:page/activity/store-activity.tpl": {
            "uri": "bus/page/activity/store-activity.tpl",
            "type": "tpl",
            "extras": {
                "isPage": true
            },
            "deps": [
                "bus:widget/activity/store-activity.js"
            ]
        },
        "bus:page/auction/detail.tpl": {
            "uri": "bus/page/auction/detail.tpl",
            "type": "tpl",
            "extras": {
                "isPage": true
            }
        },
        "bus:page/auction/list.tpl": {
            "uri": "bus/page/auction/list.tpl",
            "type": "tpl",
            "extras": {
                "isPage": true
            }
        },
        "bus:page/index.tpl": {
            "uri": "bus/page/index.tpl",
            "type": "tpl",
            "extras": {
                "isPage": true
            },
            "deps": [
                "bus:widget/index/index.js"
            ]
        },
        "bus:widget/index/index.js": {
            "uri": "/static/bus/widget/index/index.js",
            "type": "js",
            "deps": [
                "_common:js/bdb/core.js",
                "bus:widget/index/index.less"
            ]
        },
        "bus:widget/index/index.less": {
            "uri": "/static/bus/widget/index/index.css",
            "type": "css"
        },
        "bus:page/order/closed.tpl": {
            "uri": "bus/page/order/closed.tpl",
            "type": "tpl",
            "extras": {
                "isPage": true
            }
        },
        "bus:page/order/completed.tpl": {
            "uri": "bus/page/order/completed.tpl",
            "type": "tpl",
            "extras": {
                "isPage": true
            }
        },
        "bus:page/order/evaluation.tpl": {
            "uri": "bus/page/order/evaluation.tpl",
            "type": "tpl",
            "extras": {
                "isPage": true
            }
        },
        "bus:page/order/index.tpl": {
            "uri": "bus/page/order/index.tpl",
            "type": "tpl",
            "extras": {
                "isPage": true
            }
        },
        "bus:page/order/order-detail.tpl": {
            "uri": "bus/page/order/order-detail.tpl",
            "type": "tpl",
            "extras": {
                "isPage": true
            }
        },
        "bus:page/session/login.tpl": {
            "uri": "bus/page/session/login.tpl",
            "type": "tpl",
            "extras": {
                "isPage": true
            }
        },
        "bus:page/settings/about-bdb.tpl": {
            "uri": "bus/page/settings/about-bdb.tpl",
            "type": "tpl",
            "extras": {
                "isPage": true
            }
        },
        "bus:page/settings/push-settings.tpl": {
            "uri": "bus/page/settings/push-settings.tpl",
            "type": "tpl",
            "extras": {
                "isPage": true
            }
        },
        "bus:page/settings/safety-settings.tpl": {
            "uri": "bus/page/settings/safety-settings.tpl",
            "type": "tpl",
            "extras": {
                "isPage": true
            }
        },
        "bus:page/settings/suggestions.tpl": {
            "uri": "bus/page/settings/suggestions.tpl",
            "type": "tpl",
            "extras": {
                "isPage": true
            }
        },
        "bus:page/settings/sys-settings.tpl": {
            "uri": "bus/page/settings/sys-settings.tpl",
            "type": "tpl",
            "extras": {
                "isPage": true
            }
        },
        "bus:page/settings/version-update.tpl": {
            "uri": "bus/page/settings/version-update.tpl",
            "type": "tpl",
            "extras": {
                "isPage": true
            }
        },
        "bus:page/shelves/add.tpl": {
            "uri": "bus/page/shelves/add.tpl",
            "type": "tpl",
            "extras": {
                "isPage": true
            }
        },
        "bus:page/shelves/detail.tpl": {
            "uri": "bus/page/shelves/detail.tpl",
            "type": "tpl",
            "extras": {
                "isPage": true
            }
        },
        "bus:page/shelves/list.tpl": {
            "uri": "bus/page/shelves/list.tpl",
            "type": "tpl",
            "extras": {
                "isPage": true
            }
        },
        "bus:page/shelves/shelve.tpl": {
            "uri": "bus/page/shelves/shelve.tpl",
            "type": "tpl",
            "extras": {
                "isPage": true
            }
        },
        "bus:page/store/apply.tpl": {
            "uri": "bus/page/store/apply.tpl",
            "type": "tpl",
            "extras": {
                "isPage": true
            }
        },
        "bus:page/store/category.tpl": {
            "uri": "bus/page/store/category.tpl",
            "type": "tpl",
            "extras": {
                "isPage": true
            }
        },
        "bus:page/store/input-email.tpl": {
            "uri": "bus/page/store/input-email.tpl",
            "type": "tpl",
            "extras": {
                "isPage": true
            },
            "deps": [
                "bus:widget/store/input-email.js"
            ]
        },
        "bus:page/store/manage.tpl": {
            "uri": "bus/page/store/manage.tpl",
            "type": "tpl",
            "extras": {
                "isPage": true
            }
        },
        "bus:page/store/qualification.tpl": {
            "uri": "bus/page/store/qualification.tpl",
            "type": "tpl",
            "extras": {
                "isPage": true
            },
            "deps": [
                "bus:widget/store/qualification.js"
            ]
        },
        "bus:page/store/select-address.tpl": {
            "uri": "bus/page/store/select-address.tpl",
            "type": "tpl",
            "extras": {
                "isPage": true
            },
            "deps": [
                "bus:widget/store/select-address.js"
            ]
        },
        "bus:page/store/show-template.tpl": {
            "uri": "bus/page/store/show-template.tpl",
            "type": "tpl",
            "extras": {
                "isPage": true
            }
        },
        "bus:page/user/application-bdb.tpl": {
            "uri": "bus/page/user/application-bdb.tpl",
            "type": "tpl",
            "extras": {
                "isPage": true
            }
        },
        "bus:page/user/bind-account-info.tpl": {
            "uri": "bus/page/user/bind-account-info.tpl",
            "type": "tpl",
            "extras": {
                "isPage": true
            }
        },
        "bus:page/user/bind-account-pwd.tpl": {
            "uri": "bus/page/user/bind-account-pwd.tpl",
            "type": "tpl",
            "extras": {
                "isPage": true
            }
        },
        "bus:page/user/change-pwd.tpl": {
            "uri": "bus/page/user/change-pwd.tpl",
            "type": "tpl",
            "extras": {
                "isPage": true
            }
        },
        "bus:page/user/change-tel-info.tpl": {
            "uri": "bus/page/user/change-tel-info.tpl",
            "type": "tpl",
            "extras": {
                "isPage": true
            }
        },
        "bus:page/user/change-tel-new.tpl": {
            "uri": "bus/page/user/change-tel-new.tpl",
            "type": "tpl",
            "extras": {
                "isPage": true
            }
        },
        "bus:page/user/find-pwd-info.tpl": {
            "uri": "bus/page/user/find-pwd-info.tpl",
            "type": "tpl",
            "extras": {
                "isPage": true
            }
        },
        "bus:page/user/find-pwd-new.tpl": {
            "uri": "bus/page/user/find-pwd-new.tpl",
            "type": "tpl",
            "extras": {
                "isPage": true
            }
        },
        "bus:page/user/find-pwd-result.tpl": {
            "uri": "bus/page/user/find-pwd-result.tpl",
            "type": "tpl",
            "extras": {
                "isPage": true
            }
        },
        "bus:page/user/receipt-address.tpl": {
            "uri": "bus/page/user/receipt-address.tpl",
            "type": "tpl",
            "extras": {
                "isPage": true
            }
        },
        "bus:page/user/reg-pwd.tpl": {
            "uri": "bus/page/user/reg-pwd.tpl",
            "type": "tpl",
            "extras": {
                "isPage": true
            }
        },
        "bus:page/user/reg-tel.tpl": {
            "uri": "bus/page/user/reg-tel.tpl",
            "type": "tpl",
            "extras": {
                "isPage": true
            }
        },
        "bus:page/user/sys-message.tpl": {
            "uri": "bus/page/user/sys-message.tpl",
            "type": "tpl",
            "extras": {
                "isPage": true
            }
        },
        "bus:page/user/to-return.tpl": {
            "uri": "bus/page/user/to-return.tpl",
            "type": "tpl",
            "extras": {
                "isPage": true
            }
        },
        "bus:page/user/user-message.tpl": {
            "uri": "bus/page/user/user-message.tpl",
            "type": "tpl",
            "extras": {
                "isPage": true
            }
        },
        "bus:widget/activity/add-activity.js": {
            "uri": "/static/bus/widget/activity/add-activity.js",
            "type": "js",
            "deps": [
                "_common:js/bdb/core.js"
            ]
        },
        "bus:widget/activity/bdb-activity.js": {
            "uri": "/static/bus/widget/activity/bdb-activity.js",
            "type": "js",
            "deps": [
                "_common:js/bdb/core.js"
            ]
        },
        "bus:widget/activity/detail.js": {
            "uri": "/static/bus/widget/activity/detail.js",
            "type": "js",
            "deps": [
                "_common:js/bdb/core.js"
            ]
        },
        "bus:widget/activity/store-activity.js": {
            "uri": "/static/bus/widget/activity/store-activity.js",
            "type": "js",
            "deps": [
                "_common:js/bdb/core.js"
            ]
        },
        "bus:widget/auction/auction-detail.tpl": {
            "uri": "bus/widget/auction/auction-detail.tpl",
            "type": "tpl"
        },
        "bus:widget/auction/auction-item.tpl": {
            "uri": "bus/widget/auction/auction-item.tpl",
            "type": "tpl"
        },
        "bus:widget/auction/auction-list.tpl": {
            "uri": "bus/widget/auction/auction-list.tpl",
            "type": "tpl"
        },
        "bus:widget/auction/auction.less": {
            "uri": "/static/bus/widget/auction/auction.css",
            "type": "css"
        },
        "bus:widget/order/evaluation/index.less": {
            "uri": "/static/bus/widget/order/evaluation/index.css",
            "type": "css"
        },
        "bus:widget/shelves/add.tpl": {
            "uri": "bus/widget/shelves/add.tpl",
            "type": "tpl",
            "deps": [
                "_common:js/bdb/core.js"
            ]
        },
        "bus:widget/shelves/detail.tpl": {
            "uri": "bus/widget/shelves/detail.tpl",
            "type": "tpl",
            "deps": [
                "_common:js/bdb/core.js"
            ]
        },
        "bus:widget/shelves/item.tpl": {
            "uri": "bus/widget/shelves/item.tpl",
            "type": "tpl"
        },
        "bus:widget/shelves/list.tpl": {
            "uri": "bus/widget/shelves/list.tpl",
            "type": "tpl"
        },
        "bus:widget/store/input-email.js": {
            "uri": "/static/bus/widget/store/input-email.js",
            "type": "js",
            "deps": [
                "_common:js/bdb/core.js"
            ]
        },
        "bus:widget/store/manage.js": {
            "uri": "/static/bus/widget/store/manage.js",
            "type": "js",
            "deps": [
                "_common:js/bdb/core.js"
            ]
        },
        "bus:widget/store/qualification.js": {
            "uri": "/static/bus/widget/store/qualification.js",
            "type": "js",
            "deps": [
                "_common:js/bdb/core.js"
            ]
        },
        "bus:widget/store/select-address.js": {
            "uri": "/static/bus/widget/store/select-address.js",
            "type": "js",
            "deps": [
                "_common:js/bdb/core.js"
            ]
        },
        "bus:fis-conf.js": {
            "uri": "/static/bus/fis-conf.js",
            "type": "js"
        }
    },
    "pkg": {}
}