{
    "res": {
        "cus:page/auction/category.tpl": {
            "uri": "cus/page/auction/category.tpl",
            "type": "tpl",
            "extras": {
                "isPage": true
            }
        },
        "cus:page/auction/detail.tpl": {
            "uri": "cus/page/auction/detail.tpl",
            "type": "tpl",
            "extras": {
                "isPage": true
            },
            "deps": [
                "cus:widget/auction/auction-detail.js"
            ]
        },
        "cus:page/auction/list.tpl": {
            "uri": "cus/page/auction/list.tpl",
            "type": "tpl",
            "extras": {
                "isPage": true
            },
            "deps": [
                "_common:widget/common/header/header-sort.js"
            ]
        },
        "cus:page/auction/search.tpl": {
            "uri": "cus/page/auction/search.tpl",
            "type": "tpl",
            "extras": {
                "isPage": true
            }
        },
        "cus:page/index.tpl": {
            "uri": "cus/page/index.tpl",
            "type": "tpl",
            "extras": {
                "isPage": true
            },
            "deps": [
                "cus:widget/index/index.js"
            ]
        },
        "cus:page/layout.tpl": {
            "uri": "cus/page/layout.tpl",
            "type": "tpl",
            "extras": {
                "isPage": true
            }
        },
        "cus:page/order/comment.tpl": {
            "uri": "cus/page/order/comment.tpl",
            "type": "tpl",
            "extras": {
                "isPage": true
            },
            "deps": [
                "cus:widget/order/comment.js"
            ]
        },
        "cus:page/order/detail.tpl": {
            "uri": "cus/page/order/detail.tpl",
            "type": "tpl",
            "extras": {
                "isPage": true
            },
            "deps": [
                "cus:widget/order/detail.js"
            ]
        },
        "cus:page/order/list.tpl": {
            "uri": "cus/page/order/list.tpl",
            "type": "tpl",
            "extras": {
                "isPage": true
            },
            "deps": [
                "cus:widget/order/list.js"
            ]
        },
        "cus:page/order/result.tpl": {
            "uri": "cus/page/order/result.tpl",
            "type": "tpl",
            "extras": {
                "isPage": true
            }
        },
        "cus:page/session/login.tpl": {
            "uri": "cus/page/session/login.tpl",
            "type": "tpl",
            "extras": {
                "isPage": true
            }
        },
        "cus:page/settings/about-bdb.tpl": {
            "uri": "cus/page/settings/about-bdb.tpl",
            "type": "tpl",
            "extras": {
                "isPage": true
            }
        },
        "cus:page/settings/push-settings.tpl": {
            "uri": "cus/page/settings/push-settings.tpl",
            "type": "tpl",
            "extras": {
                "isPage": true
            }
        },
        "cus:page/settings/safety-settings.tpl": {
            "uri": "cus/page/settings/safety-settings.tpl",
            "type": "tpl",
            "extras": {
                "isPage": true
            }
        },
        "cus:page/settings/suggestions.tpl": {
            "uri": "cus/page/settings/suggestions.tpl",
            "type": "tpl",
            "extras": {
                "isPage": true
            }
        },
        "cus:page/settings/sys-settings.tpl": {
            "uri": "cus/page/settings/sys-settings.tpl",
            "type": "tpl",
            "extras": {
                "isPage": true
            }
        },
        "cus:page/settings/version-update.tpl": {
            "uri": "cus/page/settings/version-update.tpl",
            "type": "tpl",
            "extras": {
                "isPage": true
            }
        },
        "cus:page/store.tpl": {
            "uri": "cus/page/store.tpl",
            "type": "tpl",
            "extras": {
                "isPage": true
            },
            "deps": [
                "cus:widget/store/store.js"
            ]
        },
        "cus:widget/store/store.js": {
            "uri": "/static/cus/widget/store/store.js",
            "type": "js",
            "deps": [
                "_common:js/bdb/core.js"
            ]
        },
        "cus:page/user/application-bdb.tpl": {
            "uri": "cus/page/user/application-bdb.tpl",
            "type": "tpl",
            "extras": {
                "isPage": true
            }
        },
        "cus:page/user/bind-account-info.tpl": {
            "uri": "cus/page/user/bind-account-info.tpl",
            "type": "tpl",
            "extras": {
                "isPage": true
            }
        },
        "cus:page/user/bind-account-pwd.tpl": {
            "uri": "cus/page/user/bind-account-pwd.tpl",
            "type": "tpl",
            "extras": {
                "isPage": true
            }
        },
        "cus:page/user/change-pwd.tpl": {
            "uri": "cus/page/user/change-pwd.tpl",
            "type": "tpl",
            "extras": {
                "isPage": true
            }
        },
        "cus:page/user/change-tel-info.tpl": {
            "uri": "cus/page/user/change-tel-info.tpl",
            "type": "tpl",
            "extras": {
                "isPage": true
            }
        },
        "cus:page/user/change-tel-new.tpl": {
            "uri": "cus/page/user/change-tel-new.tpl",
            "type": "tpl",
            "extras": {
                "isPage": true
            }
        },
        "cus:page/user/check-name.tpl": {
            "uri": "cus/page/user/check-name.tpl",
            "type": "tpl",
            "extras": {
                "isPage": true
            },
            "deps": [
                "cus:widget/user/check-name.js"
            ]
        },
        "cus:page/user/consultation.tpl": {
            "uri": "cus/page/user/consultation.tpl",
            "type": "tpl",
            "extras": {
                "isPage": true
            },
            "deps": [
                "cus:widget/user/consultation.js"
            ]
        },
        "cus:page/user/find-pwd-new.tpl": {
            "uri": "cus/page/user/find-pwd-new.tpl",
            "type": "tpl",
            "extras": {
                "isPage": true
            }
        },
        "cus:page/user/find-pwd-result.tpl": {
            "uri": "cus/page/user/find-pwd-result.tpl",
            "type": "tpl",
            "extras": {
                "isPage": true
            }
        },
        "cus:page/user/msg-detail.tpl": {
            "uri": "cus/page/user/msg-detail.tpl",
            "type": "tpl",
            "extras": {
                "isPage": true
            }
        },
        "cus:page/user/personal.tpl": {
            "uri": "cus/page/user/personal.tpl",
            "type": "tpl",
            "extras": {
                "isPage": true
            },
            "deps": [
                "cus:widget/user/personal.js"
            ]
        },
        "cus:page/user/receipt-address.tpl": {
            "uri": "cus/page/user/receipt-address.tpl",
            "type": "tpl",
            "extras": {
                "isPage": true
            },
            "deps": [
                "cus:widget/user/receipt-address.js"
            ]
        },
        "cus:page/user/reg-pwd.tpl": {
            "uri": "cus/page/user/reg-pwd.tpl",
            "type": "tpl",
            "extras": {
                "isPage": true
            }
        },
        "cus:page/user/sys-message.tpl": {
            "uri": "cus/page/user/sys-message.tpl",
            "type": "tpl",
            "extras": {
                "isPage": true
            }
        },
        "cus:page/user/to-return.tpl": {
            "uri": "cus/page/user/to-return.tpl",
            "type": "tpl",
            "extras": {
                "isPage": true
            }
        },
        "cus:page/user/update-info.tpl": {
            "uri": "cus/page/user/update-info.tpl",
            "type": "tpl",
            "extras": {
                "isPage": true
            },
            "deps": [
                "cus:widget/user/update-info.js"
            ]
        },
        "cus:page/user/user-message.tpl": {
            "uri": "cus/page/user/user-message.tpl",
            "type": "tpl",
            "extras": {
                "isPage": true
            },
            "deps": [
                "cus:widget/user/user-message.js"
            ]
        },
        "cus:page/wallet/bank/add.tpl": {
            "uri": "cus/page/wallet/bank/add.tpl",
            "type": "tpl",
            "extras": {
                "isPage": true
            }
        },
        "cus:page/wallet/bank/index.tpl": {
            "uri": "cus/page/wallet/bank/index.tpl",
            "type": "tpl",
            "extras": {
                "isPage": true
            }
        },
        "cus:page/wallet/index.tpl": {
            "uri": "cus/page/wallet/index.tpl",
            "type": "tpl",
            "extras": {
                "isPage": true
            }
        },
        "cus:page/wallet/paypwd/forget.tpl": {
            "uri": "cus/page/wallet/paypwd/forget.tpl",
            "type": "tpl",
            "extras": {
                "isPage": true
            }
        },
        "cus:page/wallet/paypwd/update.tpl": {
            "uri": "cus/page/wallet/paypwd/update.tpl",
            "type": "tpl",
            "extras": {
                "isPage": true
            }
        },
        "cus:page/wallet/recharge.tpl": {
            "uri": "cus/page/wallet/recharge.tpl",
            "type": "tpl",
            "extras": {
                "isPage": true
            }
        },
        "cus:page/wallet/trans-list.tpl": {
            "uri": "cus/page/wallet/trans-list.tpl",
            "type": "tpl",
            "extras": {
                "isPage": true
            }
        },
        "cus:page/wallet/withdraw.tpl": {
            "uri": "cus/page/wallet/withdraw.tpl",
            "type": "tpl",
            "extras": {
                "isPage": true
            }
        },
        "cus:widget/auction/auction-detail.js": {
            "uri": "/static/cus/widget/auction/auction-detail.js",
            "type": "js",
            "deps": [
                "_common:js/bdb/core.js"
            ]
        },
        "cus:widget/auction/auction-item.tpl": {
            "uri": "cus/widget/auction/auction-item.tpl",
            "type": "tpl"
        },
        "cus:widget/auction/auction-list.tpl": {
            "uri": "cus/widget/auction/auction-list.tpl",
            "type": "tpl"
        },
        "cus:widget/index/index.js": {
            "uri": "/static/cus/widget/index/index.js",
            "type": "js",
            "deps": [
                "_common:js/bdb/core.js",
                "cus:widget/index/index.less"
            ]
        },
        "cus:widget/index/index.less": {
            "uri": "/static/cus/widget/index/index.css",
            "type": "css"
        },
        "cus:widget/order/comment.js": {
            "uri": "/static/cus/widget/order/comment.js",
            "type": "js",
            "deps": [
                "_common:js/bdb/core.js",
                "cus:widget/order/order.js"
            ]
        },
        "cus:widget/order/comment.tpl": {
            "uri": "cus/widget/order/comment.tpl",
            "type": "tpl",
            "deps": [
                "cus:widget/order/comment.js"
            ]
        },
        "cus:widget/order/detail.js": {
            "uri": "/static/cus/widget/order/detail.js",
            "type": "js",
            "deps": [
                "_common:js/bdb/core.js",
                "cus:widget/order/order.js"
            ]
        },
        "cus:widget/order/list.js": {
            "uri": "/static/cus/widget/order/list.js",
            "type": "js",
            "deps": [
                "_common:js/bdb/core.js",
                "cus:widget/order/order.js"
            ]
        },
        "cus:widget/order/order.js": {
            "uri": "/static/cus/widget/order/order.js",
            "type": "js",
            "deps": [
                "_common:js/bdb/core.js",
                "_common:js/bdb/cash.js"
            ]
        },
        "cus:widget/session/login.less": {
            "uri": "/static/cus/widget/session/login.css",
            "type": "css"
        },
        "cus:widget/user/check-name.js": {
            "uri": "/static/cus/widget/user/check-name.js",
            "type": "js",
            "deps": [
                "_common:js/bdb/core.js"
            ]
        },
        "cus:widget/user/personal.js": {
            "uri": "/static/cus/widget/user/personal.js",
            "type": "js",
            "deps": [
                "_common:js/bdb/core.js"
            ]
        },
        "cus:widget/user/receipt-address.js": {
            "uri": "/static/cus/widget/user/receipt-address.js",
            "type": "js",
            "deps": [
                "_common:js/bdb/core.js"
            ]
        },
        "cus:widget/user/update-info.js": {
            "uri": "/static/cus/widget/user/update-info.js",
            "type": "js",
            "deps": [
                "_common:js/bdb/core.js"
            ]
        },
        "cus:widget/user/user-message.js": {
            "uri": "/static/cus/widget/user/user-message.js",
            "type": "js"
        },
        "cus:widget/wallet/index.tpl": {
            "uri": "cus/widget/wallet/index.tpl",
            "type": "tpl"
        },
        "cus:fis-conf.js": {
            "uri": "/static/cus/fis-conf.js",
            "type": "js"
        },
        "cus:widget/user/consultation.js": {
            "uri": "/static/cus/widget/user/consultation.js",
            "type": "js",
            "deps": [
                "_common:js/bdb/core.js"
            ]
        }
    },
    "pkg": {}
}