{
  "name": "jquery",
  "main": "dist/jquery.js",
  "license": "MIT",
  "ignore": [
    "package.json"
  ],
  "keywords": [
    "jquery",
    "javascript",
    "browser",
    "library"
  ],
  "homepage": "https://github.com/jquery/jquery-dist",
  "version": "3.1.1",
  "_release": "3.1.1",
  "_resolution": {
    "type": "version",
    "tag": "3.1.1",
    "commit": "1b30f3ad466ebf2714d47eda34dbd7fdf6849fe3"
  },
  "_source": "https://github.com/jquery/jquery-dist.git",
  "_target": "*",
  "_originalSource": "jquery"
}